"Player","ID","Team","Opponent","Round","Kicks","Marks","Hand Balls","Disp","Goals","Behinds","Hit Outs","Tackles","Rebounds","Inside 50","Clearances","Clangers","Frees For","Frees Against","Brownlow","Contested Possessions","Uncontested Possessions","Contested Marks","Marks Inside 50","One Percenters","Bounces","Goal Assists","% Time Played"
"David Astbury",11828,"RI","CA","1",9,7,7,16,0,0,0,2,5,0,1,2,1,1,0,9,8,3,0,4,0,0,100
"Shai Bolton",12535,"RI","CA","1",3,2,3,6,0,0,1,0,0,1,1,3,0,3,0,3,3,0,0,1,0,0,77
"Dan Butler",12490,"RI","CA","1",10,2,3,13,3,0,0,7,0,6,0,3,3,1,0,7,6,0,1,1,2,2,76
"Josh Caddy",12010,"RI","CA","1",13,5,6,19,3,2,0,2,0,8,4,2,5,0,0,11,10,1,2,0,1,0,80
"Jason Castagna",12431,"RI","CA","1",7,4,8,15,2,1,0,4,0,3,3,0,1,0,0,7,8,0,2,2,0,1,76
"Reece Conca",11888,"RI","CA","1",9,0,7,16,0,0,0,7,2,6,2,7,0,2,0,6,10,0,0,1,1,0,77
"Trent Cotchin",11666,"RI","CA","1",14,2,10,24,0,0,0,4,0,5,7,2,2,0,0,13,12,0,1,1,0,2,81
"Shane Edwards",11557,"RI","CA","1",5,3,11,16,0,0,0,4,3,4,2,1,0,0,0,9,7,1,0,2,0,0,75
"Brandon Ellis",12034,"RI","CA","1",11,3,7,18,0,1,0,3,2,4,0,5,0,0,0,3,14,0,0,0,2,0,79
"Corey Ellis",12346,"RI","CA","1",6,2,6,12,0,0,0,4,1,1,1,2,0,0,0,7,6,0,0,5,1,1,72
"Jack Graham",12576,"RI","CA","1",7,0,6,13,0,1,0,13,1,2,2,0,1,0,0,9,6,0,0,0,0,1,69
"Shaun Grigg",11594,"RI","CA","1",7,4,10,17,0,1,0,2,0,2,2,4,0,1,0,2,15,0,0,1,0,1,83
"Dylan Grimes",11879,"RI","CA","1",4,1,2,6,0,0,0,2,1,0,0,1,0,0,0,3,2,1,0,3,0,0,84
"Kane Lambert",12333,"RI","CA","1",7,1,7,14,0,0,0,2,1,2,3,1,1,0,0,6,6,0,0,1,0,1,85
"Dustin Martin",11794,"RI","CA","1",20,5,12,32,1,3,0,1,0,6,6,3,1,1,0,17,15,2,2,1,0,2,87
"Kamdyn McIntosh",12317,"RI","CA","1",19,5,0,19,0,1,0,1,3,8,1,5,0,1,0,3,15,0,1,1,1,0,69
"Toby Nankervis",12374,"RI","CA","1",7,2,7,14,0,0,33,5,1,1,5,5,2,5,0,12,4,0,0,3,0,0,86
"Alex Rance",11733,"RI","CA","1",9,3,6,15,0,0,0,1,5,0,0,2,3,0,0,8,5,1,0,6,2,0,100
"Jack Riewoldt",11576,"RI","CA","1",12,7,6,18,4,2,0,1,0,6,0,2,1,0,1,5,14,1,5,1,0,2,96
"Jayden Short",12418,"RI","CA","1",12,2,4,16,0,1,0,1,2,4,1,1,0,1,0,4,12,0,0,1,4,1,79
"Jacob Townsend",12023,"RI","CA","1",6,5,3,9,4,2,0,1,0,0,0,2,0,1,0,6,3,2,5,1,0,0,90
"Nick Vlastuin",12174,"RI","CA","1",10,3,2,12,0,0,0,3,2,2,0,3,1,3,0,3,7,1,0,4,0,0,80
"Ciaran Byrne",12336,"CA","RI","1",6,4,8,14,0,0,0,1,4,0,1,2,0,0,0,4,9,0,0,2,0,0,85
"Levi Casboult",12114,"CA","RI","1",7,4,3,10,1,0,19,1,1,1,3,2,3,1,0,6,5,2,0,2,0,0,91
"Patrick Cripps",12261,"CA","RI","1",13,5,23,36,0,1,0,7,3,5,9,7,4,1,2,25,11,4,0,0,0,1,94
"Charlie Curnow",12421,"CA","RI","1",14,10,5,19,5,0,0,2,0,5,0,2,1,2,3,7,12,1,3,4,0,1,90
"Ed Curnow",11883,"CA","RI","1",15,2,14,29,0,0,0,4,4,6,7,6,2,3,0,15,15,1,0,0,0,0,86
"Paddy Dow",12582,"CA","RI","1",5,1,6,11,0,0,0,5,0,1,1,2,0,1,0,4,7,0,0,2,0,0,71
"Zac Fisher",12520,"CA","RI","1",13,2,8,21,1,0,0,1,2,5,3,3,1,0,0,8,15,0,0,4,0,1,81
"Jarrod Garlett",5488,"CA","RI","1",9,7,8,17,2,0,0,0,0,3,0,2,1,1,0,6,12,0,1,0,0,0,75
"Liam Jones",11866,"CA","RI","1",6,2,4,10,0,0,0,1,3,0,0,1,0,1,0,5,4,0,0,8,0,0,97
"Matthew Kennedy",12455,"CA","RI","1",2,2,2,4,0,0,0,0,0,1,0,4,0,3,0,0,4,0,0,0,0,1,24
"Matthew Kreuzer",11645,"CA","RI","1",7,1,10,17,0,1,23,1,1,1,4,1,1,0,0,8,8,0,0,1,0,0,66
"Jed Lamb",12182,"CA","RI","1",10,5,6,16,0,1,0,0,0,1,0,2,0,0,0,3,11,0,0,2,3,1,80
"Caleb Marchbank",12369,"CA","RI","1",13,6,6,19,0,0,0,4,5,3,0,1,1,0,0,6,14,1,0,8,0,0,86
"Aaron Mullett",12008,"CA","RI","1",10,3,6,16,0,0,0,1,3,3,0,4,0,2,0,6,9,0,0,1,0,0,88
"Marc Murphy",4148,"CA","RI","1",10,3,13,23,0,0,0,1,1,2,6,3,2,1,0,8,15,0,0,0,1,1,89
"Sam Petrevski-Seton",12487,"CA","RI","1",11,4,5,16,1,0,0,5,4,1,2,2,1,2,0,6,12,0,0,0,0,0,77
"Lachie Plowman",12142,"CA","RI","1",7,5,6,13,0,0,0,3,2,0,0,1,0,0,0,2,9,0,0,8,0,0,96
"Jack Silvagni",12458,"CA","RI","1",3,3,3,6,0,0,0,2,0,2,0,2,0,1,0,2,4,0,0,0,0,0,84
"Kade Simpson",1456,"CA","RI","1",24,6,11,35,0,0,0,4,10,2,1,3,1,0,0,10,21,2,0,2,5,0,91
"Dale Thomas",4152,"CA","RI","1",10,5,14,24,0,0,0,1,3,3,3,3,0,1,0,10,15,0,0,1,0,0,83
"Jacob Weitering",12402,"CA","RI","1",4,3,5,9,0,0,0,3,1,1,0,3,1,2,0,6,3,0,0,5,0,0,86
"Matthew Wright",11929,"CA","RI","1",8,5,3,11,5,0,0,2,0,1,2,1,1,0,0,5,6,1,4,0,0,0,83
"Rory Atkins",12381,"AD","ES","1",8,1,6,14,0,2,0,2,2,4,1,1,1,0,0,4,9,0,0,0,0,1,86
"Eddie Betts",4060,"AD","ES","1",7,2,7,14,0,2,0,2,0,1,1,1,1,0,0,6,9,0,1,3,0,1,85
"Luke Brown",12106,"AD","ES","1",10,2,5,15,0,0,0,0,5,1,0,0,0,0,0,1,10,0,0,2,0,0,82
"Matt Crouch",12258,"AD","ES","1",18,6,23,41,0,0,0,2,3,3,7,4,0,1,0,11,31,0,0,0,0,1,80
"Tom Doedee",12583,"AD","ES","1",7,7,14,21,0,0,0,2,4,1,0,2,2,0,0,8,14,0,0,9,1,0,93
"Richard Douglas",2381,"AD","ES","1",7,3,6,13,1,2,0,0,1,2,2,4,0,4,0,5,9,0,0,2,2,0,84
"Cam Ellis-Yolmen",12283,"AD","ES","1",7,5,10,17,1,0,0,1,2,3,6,2,0,0,0,11,6,1,0,0,0,0,67
"Darcy Fogarty",12584,"AD","ES","1",3,3,3,6,2,0,0,4,0,1,0,2,0,1,0,2,4,1,1,0,0,0,83
"Bryce Gibbs",11535,"AD","ES","1",21,7,14,35,2,1,0,4,2,8,7,5,1,1,2,13,21,0,2,0,1,0,87
"Hugh Greenwood",12533,"AD","ES","1",8,1,5,13,1,1,0,2,0,0,3,4,0,0,0,8,3,0,0,0,0,0,65
"Curtly Hampton",12020,"AD","ES","1",6,4,3,9,1,0,0,3,0,3,0,0,0,0,0,0,9,0,2,0,0,0,60
"Kyle Hartigan",6623,"AD","ES","1",4,4,7,11,0,0,0,0,0,1,0,0,0,0,0,3,7,0,0,8,0,0,96
"Sam Jacobs",11708,"AD","ES","1",5,3,8,13,0,0,33,1,0,0,2,2,1,1,0,6,9,1,0,3,0,0,84
"Josh Jenkins",12074,"AD","ES","1",6,5,5,11,2,2,4,3,0,2,0,5,0,3,0,6,5,3,4,3,0,1,86
"Jake Kelly",12335,"AD","ES","1",11,6,7,18,0,0,0,2,4,2,0,2,0,1,0,3,14,1,0,3,3,1,85
"Rory Laird",12165,"AD","ES","1",15,8,25,40,0,0,0,1,8,2,1,1,1,0,0,14,27,0,0,1,0,0,81
"David Mackay",11634,"AD","ES","1",15,1,5,20,0,1,0,4,6,2,2,0,0,0,0,7,10,0,0,4,2,0,77
"Mitch McGovern",12404,"AD","ES","1",6,4,3,9,1,1,0,3,0,3,1,3,0,3,0,5,4,1,0,3,0,0,88
"Lachlan Murphy",12585,"AD","ES","1",4,1,2,6,1,1,0,2,0,0,0,0,0,0,0,3,3,0,0,1,0,0,75
"Paul Seedsman",12035,"AD","ES","1",14,4,10,24,0,1,0,4,3,6,1,3,1,2,0,5,19,0,0,0,1,1,82
"Rory Sloane",11792,"AD","ES","1",11,2,12,23,0,0,0,7,1,5,6,4,3,1,0,12,13,0,0,8,0,1,84
"Daniel Talia",11989,"AD","ES","1",11,4,3,14,0,0,0,1,2,3,0,3,1,1,0,9,6,3,0,10,0,0,91
"Josh Begley",12574,"ES","AD","1",7,1,4,11,1,2,0,5,0,4,0,1,0,0,0,6,5,0,0,0,0,1,75
"Tom Bellchambers",11675,"ES","AD","1",5,3,4,9,1,0,33,1,0,4,1,0,2,0,0,5,4,1,1,4,0,0,85
"Mitch Brown",11987,"ES","AD","1",8,8,5,13,0,0,0,0,4,1,1,1,1,1,0,5,8,1,0,7,0,1,89
"Joe Daniher",12199,"ES","AD","1",9,7,6,15,2,1,0,1,0,3,0,4,1,2,0,6,9,2,3,0,0,0,100
"Matt Dea",11829,"ES","AD","1",2,1,9,11,0,0,0,0,2,0,0,0,0,0,0,6,7,0,0,3,0,0,73
"Brendon Goddard",1443,"ES","AD","1",15,6,14,29,1,1,0,3,4,2,2,2,0,0,0,8,20,1,1,2,0,1,92
"Josh Green",11960,"ES","AD","1",10,1,1,11,2,2,0,2,0,2,0,1,2,0,0,8,4,0,1,1,0,0,74
"Michael Hartley",12419,"ES","AD","1",8,5,1,9,0,0,0,2,1,1,0,1,0,0,0,2,8,2,0,9,0,0,91
"Dyson Heppell",11896,"ES","AD","1",21,13,14,35,0,0,0,5,4,9,3,6,1,2,3,11,26,0,0,3,0,1,88
"Cale Hooker",11702,"ES","AD","1",8,9,7,15,3,1,0,3,0,2,0,4,0,0,0,7,7,4,4,2,0,0,92
"Michael Hurley",11715,"ES","AD","1",15,7,13,28,0,0,0,1,6,2,0,3,3,0,1,12,17,1,0,1,0,0,91
"Kyle Langford",12349,"ES","AD","1",11,3,12,23,0,0,0,2,1,3,1,4,3,3,0,7,17,0,0,1,0,0,80
"Anthony McDonald-Tipungwuti",12407,"ES","AD","1",9,6,5,14,0,1,0,5,0,2,1,2,0,1,0,4,10,1,2,2,1,1,81
"Andrew McGrath",12491,"ES","AD","1",9,3,17,26,1,0,0,4,1,1,2,4,0,0,0,11,17,0,1,2,2,0,85
"Conor McKenna",12391,"ES","AD","1",8,1,6,14,0,0,0,5,3,2,0,0,0,0,0,4,8,0,0,4,5,0,85
"Zach Merrett",12241,"ES","AD","1",3,0,4,7,0,0,0,1,1,0,1,2,2,0,0,6,2,0,0,1,0,0,16
"Darcy Parish",12406,"ES","AD","1",11,0,8,19,0,2,0,7,1,5,5,2,1,0,0,6,14,0,0,1,0,2,86
"Adam Saad",12330,"ES","AD","1",3,2,9,12,0,0,0,2,3,1,1,1,0,0,0,7,6,0,0,6,3,1,86
"Devon Smith",12029,"ES","AD","1",14,3,9,23,0,1,0,5,3,2,6,2,1,0,0,8,15,0,0,0,2,0,87
"James Stewart",12232,"ES","AD","1",10,7,6,16,3,2,6,4,0,3,0,3,1,2,0,6,10,2,5,0,0,2,83
"Jake Stringer",12167,"ES","AD","1",6,2,10,16,0,1,0,7,1,3,3,1,1,0,0,9,8,1,1,2,0,0,71
"David Zaharakis",11729,"ES","AD","1",22,4,13,35,0,0,0,4,4,8,5,4,0,1,0,12,24,0,0,1,1,0,90
"Blake Acres",12276,"SK","BL","1",14,9,16,30,1,0,0,4,2,4,1,1,1,0,1,12,19,1,1,3,0,0,85
"David Armitage",11570,"SK","BL","1",8,7,16,24,0,0,0,2,0,2,4,2,1,2,0,7,17,0,0,0,0,1,75
"Jack Billings",12249,"SK","BL","1",18,9,8,26,2,3,0,3,2,5,0,3,2,1,0,11,17,0,3,0,0,3,89
"Nathan Brown",11627,"SK","BL","1",5,5,2,7,0,0,0,2,2,0,0,1,1,1,0,2,6,0,0,7,0,0,91
"Josh Bruce",12065,"SK","BL","1",5,6,7,12,3,0,3,0,1,4,0,2,1,1,0,4,9,0,1,2,1,1,90
"Jake Carlisle",11871,"SK","BL","1",8,8,5,13,0,0,0,1,2,0,0,0,1,0,0,5,9,1,0,2,0,0,95
"Hunter Clark",12591,"SK","BL","1",8,3,4,12,1,0,0,1,1,1,0,1,0,0,0,1,11,1,0,2,0,1,62
"Jarryn Geary",11630,"SK","BL","1",15,8,12,27,0,0,0,1,4,2,2,3,0,0,0,9,17,0,0,2,1,0,87
"Jade Gresham",12415,"SK","BL","1",11,3,5,16,3,1,0,3,0,5,4,3,1,2,0,6,11,0,0,1,1,0,85
"Ben Long",12521,"SK","BL","1",7,6,8,15,1,0,0,3,0,2,1,3,1,2,0,4,12,0,1,3,0,0,83
"Billy Longer",12051,"SK","BL","1",1,1,6,7,0,0,22,0,0,0,2,3,1,3,0,3,4,0,0,2,0,0,80
"Paddy McCartin",12339,"SK","BL","1",6,3,1,7,1,0,0,0,0,1,0,3,2,0,0,3,4,0,1,0,0,1,69
"Tim Membrey",12300,"SK","BL","1",13,9,3,16,2,3,0,3,0,3,0,1,1,0,0,4,12,2,6,1,1,1,89
"Jack Newnes",12050,"SK","BL","1",15,6,10,25,0,0,0,2,3,7,2,4,2,1,0,7,20,0,0,4,3,0,89
"Dylan Roberton",11839,"SK","BL","1",19,10,5,24,0,0,0,2,4,2,0,4,1,1,0,5,18,0,0,2,0,1,81
"Sebastian Ross",12132,"SK","BL","1",20,6,12,32,0,0,0,7,2,7,2,5,2,3,2,10,21,0,0,2,1,2,77
"Shane Savage",11793,"SK","BL","1",18,7,6,24,0,0,0,1,3,4,0,1,1,0,0,3,21,0,0,3,2,0,88
"Jack Sinclair",12325,"SK","BL","1",1,3,11,12,0,0,0,2,0,0,1,2,0,1,0,6,7,0,0,6,0,0,78
"Jack Steele",12368,"SK","BL","1",6,3,12,18,0,0,0,3,1,2,0,3,0,2,0,6,13,0,0,1,0,2,71
"Jack Steven",11791,"SK","BL","1",21,10,13,34,2,0,0,2,1,6,5,6,0,2,3,13,21,0,0,2,1,1,76
"Koby Stevens",11852,"SK","BL","1",9,5,14,23,0,1,0,4,2,0,3,3,1,2,0,9,15,0,0,2,0,0,77
"Jimmy Webster",12188,"SK","BL","1",14,8,4,18,0,0,0,2,5,2,0,3,1,1,0,3,16,0,0,7,0,0,84
"Harris Andrews",12340,"BL","SK","1",7,5,4,11,0,0,0,1,3,1,0,1,0,0,0,3,7,1,0,5,0,1,98
"Dayne Beams",11728,"BL","SK","1",14,6,12,26,0,1,0,3,1,7,7,5,3,1,0,11,15,1,1,1,0,0,87
"Tom Bell",12115,"BL","SK","1",8,1,8,16,1,1,0,0,2,2,4,6,0,3,0,9,7,0,1,3,0,1,69
"Jarrod Berry",12519,"BL","SK","1",13,8,6,19,3,0,0,3,0,2,3,3,1,0,0,6,13,0,2,3,0,1,73
"Charlie Cameron",12277,"BL","SK","1",12,5,5,17,3,2,0,2,0,3,2,3,1,1,0,8,10,1,1,1,0,0,88
"Allen Christensen",11920,"BL","SK","1",9,3,12,21,1,0,0,0,0,2,3,4,0,2,0,6,16,0,0,2,0,1,85
"Darcy Gardiner",12267,"BL","SK","1",8,5,5,13,0,0,0,1,4,0,0,3,3,1,0,6,8,1,0,5,0,0,89
"Eric Hipwood",12454,"BL","SK","1",6,3,1,7,1,0,0,2,0,4,1,4,1,2,0,4,4,1,0,0,0,2,93
"Luke Hodge",1134,"BL","SK","1",14,5,11,25,0,0,0,2,2,0,0,2,2,1,0,8,13,0,0,3,0,0,81
"Ryan Lester",11894,"BL","SK","1",10,4,8,18,0,0,0,7,1,5,4,2,2,0,0,9,8,0,0,0,0,0,83
"Stefan Martin",11684,"BL","SK","1",8,0,11,19,0,0,42,1,3,2,5,4,5,1,0,10,10,0,0,3,1,1,94
"Sam Mayes",12162,"BL","SK","1",13,4,6,19,0,1,0,2,0,3,2,3,0,1,0,4,14,0,1,3,0,0,88
"Hugh McCluggage",12518,"BL","SK","1",11,4,7,18,0,1,0,1,2,1,0,3,1,2,0,4,14,0,1,1,0,0,85
"Daniel McStay",12291,"BL","SK","1",5,3,6,11,0,0,0,0,2,0,0,1,0,1,0,2,8,0,0,6,0,0,89
"Cameron Rayner",12592,"BL","SK","1",5,2,3,8,1,1,0,1,0,2,0,2,0,1,0,4,5,2,1,0,0,0,71
"Daniel Rich",11725,"BL","SK","1",4,1,3,7,0,0,0,0,1,0,1,0,0,0,0,3,4,0,0,0,0,0,28
"Nick Robertson",12264,"BL","SK","1",12,4,15,27,0,0,0,6,5,2,5,4,2,0,0,11,15,0,0,0,1,0,86
"Mitch Robinson",11710,"BL","SK","1",12,7,11,23,1,0,0,2,1,5,3,5,2,2,0,11,14,2,0,2,0,0,72
"Lewis Taylor",12252,"BL","SK","1",15,9,12,27,0,0,0,2,3,1,2,2,0,0,0,8,20,0,0,2,0,1,85
"Josh Walker",12109,"BL","SK","1",6,3,2,8,1,0,2,2,0,2,0,1,1,0,0,2,6,0,1,1,0,0,88
"Alex Witherden",12546,"BL","SK","1",12,3,9,21,0,0,0,2,5,1,2,1,1,0,0,6,12,0,0,2,0,0,79
"Dayne Zorko",12076,"BL","SK","1",11,2,3,14,0,2,0,4,2,4,0,6,0,2,0,4,9,0,0,2,1,0,88
"Dom Barry",12294,"PA","FR","1",12,5,10,22,0,0,0,1,0,6,1,4,0,1,0,5,16,0,0,0,0,0,86
"Travis Boak",11583,"PA","FR","1",12,5,14,26,1,1,0,3,0,5,1,4,1,0,0,9,18,0,3,1,0,1,83
"Riley Bonner",12483,"PA","FR","1",21,6,10,31,0,0,0,1,5,4,2,3,0,1,0,9,22,0,0,1,0,0,85
"Darcy Byrne-Jones",12422,"PA","FR","1",13,3,15,28,0,0,0,3,1,5,10,3,1,2,0,15,14,0,0,1,2,1,89
"Tom Clurey",12238,"PA","FR","1",13,8,3,16,0,0,0,1,5,0,0,3,0,1,0,1,15,0,0,3,0,0,85
"Charlie Dixon",11914,"PA","FR","1",12,7,8,20,1,3,4,3,0,4,3,1,2,1,0,11,9,2,3,2,0,0,92
"Brad Ebert",11639,"PA","FR","1",13,5,15,28,0,1,0,7,1,7,2,7,0,3,0,9,19,0,0,3,0,1,85
"Sam Gray",12262,"PA","FR","1",8,3,3,11,1,0,0,4,0,1,1,1,3,0,0,4,6,0,0,0,0,2,84
"Hamish Hartlett",11740,"PA","FR","1",19,7,4,23,0,0,0,2,4,3,2,4,1,1,0,9,14,1,0,6,0,0,86
"Dan Houston",12495,"PA","FR","1",12,7,5,17,0,0,0,2,5,1,0,0,1,0,0,3,13,0,0,3,0,0,85
"Dougal Howard",12420,"PA","FR","1",8,4,2,10,0,0,0,3,4,0,0,1,1,1,0,6,5,0,0,21,0,0,82
"Tom Jonas",12002,"PA","FR","1",11,6,5,16,0,0,0,3,2,1,0,1,1,0,0,5,10,1,0,8,0,0,96
"Todd Marshall",12575,"PA","FR","1",6,2,4,10,4,0,0,2,0,1,1,3,0,2,0,3,6,0,2,0,0,1,69
"Steven Motlop",11818,"PA","FR","1",11,3,8,19,2,0,0,3,2,6,0,1,0,1,0,3,16,0,1,1,5,1,86
"Jared Polec",11927,"PA","FR","1",15,4,14,29,0,0,0,2,3,3,2,3,1,0,0,7,21,0,0,1,0,0,77
"Sam Powell-Pepper",12494,"PA","FR","1",11,5,8,19,0,4,0,3,1,7,3,1,2,0,0,7,12,0,2,1,0,0,72
"Tom Rockliff",11787,"PA","FR","1",6,4,6,12,1,0,0,1,0,1,0,0,0,0,0,1,11,0,1,1,0,1,69
"Paddy Ryder",4144,"PA","FR","1",4,2,2,6,1,0,16,1,0,1,0,1,1,1,0,3,3,0,1,3,0,1,43
"Jack Watts",11765,"PA","FR","1",12,7,8,20,3,3,0,4,0,0,1,0,2,0,2,5,15,0,2,0,0,0,92
"Justin Westhoff",11579,"PA","FR","1",15,9,10,25,0,0,5,9,2,1,4,5,2,1,3,13,16,0,0,11,0,0,87
"Ollie Wines",12150,"PA","FR","1",13,3,15,28,0,0,1,5,2,2,9,3,2,0,0,11,17,0,0,2,0,1,75
"Chad Wingard",12047,"PA","FR","1",13,7,10,23,2,1,0,0,1,3,3,2,2,1,0,7,16,1,3,1,3,2,91
"Hayden Ballantyne",11770,"FR","PA","1",6,2,4,10,0,0,0,3,1,1,1,4,1,3,0,4,8,0,0,1,0,1,82
"Bailey Banfield",12588,"FR","PA","1",8,3,4,12,0,0,0,3,1,5,0,0,1,0,0,4,7,1,0,1,0,0,82
"Connor Blakely",12397,"FR","PA","1",11,4,6,17,0,0,0,1,2,1,2,0,2,0,0,7,10,0,0,3,0,0,83
"Andrew Brayshaw",12589,"FR","PA","1",4,3,8,12,0,0,0,2,0,2,2,1,0,0,0,7,5,1,0,1,0,0,66
"Nat Fyfe",11834,"FR","PA","1",10,1,12,22,1,0,0,3,1,3,3,7,1,3,0,13,10,0,0,2,0,0,82
"Bradley Hill",12060,"FR","PA","1",13,5,2,15,1,0,0,2,3,3,0,5,0,1,0,1,14,0,0,1,1,0,72
"Michael Johnson",4083,"FR","PA","1",10,7,4,14,0,0,0,1,4,0,0,2,0,2,0,1,12,0,0,3,0,0,90
"Shane Kersten",12287,"FR","PA","1",6,3,6,12,0,2,0,0,0,5,1,1,0,1,0,4,7,0,0,2,0,0,82
"Ed Langdon",12393,"FR","PA","1",8,2,9,17,1,0,0,3,1,2,1,2,0,0,0,1,15,0,0,0,0,0,79
"Brandon Matera",11915,"FR","PA","1",13,7,6,19,1,0,0,3,2,6,0,0,1,0,0,2,17,0,1,2,1,1,82
"Cam McCarthy",12315,"FR","PA","1",10,7,3,13,1,3,0,3,1,5,0,1,1,0,0,5,8,1,1,0,0,0,87
"David Mundy",4088,"FR","PA","1",7,4,14,21,0,0,0,3,2,2,5,1,1,1,0,13,11,0,0,1,0,1,73
"Lachie Neale",12055,"FR","PA","1",14,4,24,38,0,0,0,1,2,2,6,7,3,3,0,17,21,0,0,0,1,1,78
"Alex Pearce",12352,"FR","PA","1",6,6,4,10,0,0,0,1,1,0,0,2,0,0,0,6,5,2,0,6,0,0,93
"Danyle Pearce",4137,"FR","PA","1",5,3,7,12,0,0,0,2,2,2,1,2,0,0,0,3,9,0,0,2,1,1,76
"Luke Ryan",12542,"FR","PA","1",13,6,3,16,0,0,0,2,5,1,0,0,0,0,0,5,10,0,0,3,2,0,84
"Aaron Sandilands",1421,"FR","PA","1",5,5,11,16,1,0,52,2,1,0,6,5,2,3,1,12,5,3,0,0,0,0,81
"Cameron Sutcliffe",12104,"FR","PA","1",6,6,11,17,0,0,0,0,2,1,0,5,0,3,0,5,13,0,0,3,0,0,86
"Matthew Taberner",12205,"FR","PA","1",14,9,6,20,1,0,5,1,2,2,1,3,0,2,0,7,12,2,1,0,0,1,97
"Darcy Tucker",12426,"FR","PA","1",7,1,5,12,0,0,0,2,5,0,3,1,0,0,0,5,7,0,0,2,0,0,77
"Michael Walters",11763,"FR","PA","1",11,4,7,18,1,0,0,6,1,4,3,2,3,0,0,8,11,0,0,0,0,1,84
"Nathan Wilson",12024,"FR","PA","1",11,3,4,15,1,0,0,0,4,2,0,1,1,1,0,2,11,0,0,2,0,0,85
"Jed Anderson",12154,"NM","GC","1",11,0,1,12,1,0,0,7,1,2,2,6,1,3,0,7,4,0,0,3,0,0,69
"Shaun Atley",11902,"NM","GC","1",9,2,11,20,0,1,0,1,2,4,1,2,0,1,0,7,12,0,0,1,0,0,88
"Ben Brown",12289,"NM","GC","1",3,0,1,4,0,0,9,2,1,0,1,1,1,0,0,1,3,0,0,4,0,0,65
"Ryan Clarke",12461,"NM","GC","1",18,0,8,26,0,0,0,4,10,3,1,5,0,1,0,7,12,0,0,1,1,0,81
"Ben Cunnington",11835,"NM","GC","1",12,1,9,21,0,0,0,7,3,3,6,3,0,0,0,13,6,1,0,3,0,2,74
"Luke Davies-Uniacke",12590,"NM","GC","1",3,0,5,8,0,0,0,2,0,2,0,2,0,0,0,4,4,0,0,1,0,0,67
"Trent Dumont",12343,"NM","GC","1",11,0,7,18,1,0,0,9,2,3,3,4,2,1,0,10,6,0,0,0,0,0,79
"Todd Goldstein",11686,"NM","GC","1",8,3,6,14,0,1,35,2,2,5,1,2,2,0,0,8,6,1,1,6,0,0,76
"Billy Hartung",12274,"NM","GC","1",11,1,11,22,0,1,0,5,0,3,0,7,0,2,0,8,13,0,0,2,1,0,89
"Shaun Higgins",4180,"NM","GC","1",14,2,7,21,1,2,0,4,1,4,4,4,4,1,0,13,6,0,0,2,0,0,85
"Nathan Hrovat",12190,"NM","GC","1",5,0,3,8,0,0,0,2,0,3,1,3,0,1,0,2,4,0,0,0,0,0,73
"Ben Jacobs",11952,"NM","GC","1",5,0,1,6,0,0,0,7,0,0,1,5,1,3,0,4,3,0,0,3,0,0,80
"Jamie Macmillan",11862,"NM","GC","1",20,2,7,27,0,0,0,2,7,1,1,5,3,1,0,13,8,0,0,6,1,0,87
"Luke McDonald",12246,"NM","GC","1",9,1,4,13,0,0,0,4,2,2,4,4,2,2,0,11,5,0,0,7,0,0,89
"Jy Simpkin",12502,"NM","GC","1",13,0,9,22,0,0,0,2,2,2,3,5,1,2,0,16,6,0,0,3,0,0,78
"Robbie Tarrant",11859,"NM","GC","1",6,0,3,9,0,0,0,7,6,1,1,4,1,1,0,6,5,0,0,10,0,0,87
"Scott Thompson",11636,"NM","GC","1",8,2,12,20,0,0,0,3,4,1,0,5,3,2,0,16,5,1,0,15,0,0,100
"Kayne Turner",12304,"NM","GC","1",5,0,7,12,0,2,0,3,0,2,0,0,1,0,0,7,4,0,0,1,0,0,81
"Ed Vickers-Willis",12524,"NM","GC","1",11,2,5,16,0,0,0,5,3,1,1,4,0,0,0,11,5,1,0,14,0,0,87
"Jarrad Waite",1418,"NM","GC","1",10,1,5,15,0,1,2,2,1,0,3,2,1,0,0,9,6,0,0,2,0,0,93
"Marley Williams",12084,"NM","GC","1",10,2,2,12,0,0,0,5,3,3,0,2,0,0,0,3,8,2,0,1,0,0,77
"Jack Ziebell",11724,"NM","GC","1",15,2,6,21,2,0,0,3,4,2,3,6,1,1,1,12,9,2,1,3,0,0,95
"Ben Ainsworth",12498,"GC","NM","1",5,1,6,11,2,0,0,4,2,1,2,3,1,1,0,10,4,0,1,3,0,0,63
"Jack Bowes",12499,"GC","NM","1",17,2,4,21,1,0,0,1,2,4,2,3,2,0,0,9,8,0,0,3,0,0,78
"Sam Day",11947,"GC","NM","1",6,2,4,10,0,0,8,3,1,3,2,2,1,0,0,6,5,0,0,5,0,0,78
"Brayden Fiorini",12481,"GC","NM","1",17,3,4,21,0,0,0,6,3,6,4,0,0,0,0,7,12,0,1,0,0,0,71
"Jarrod Harbrow",11555,"GC","NM","1",23,3,0,23,0,0,0,5,6,3,3,4,0,0,3,7,13,0,0,0,0,0,80
"Nick Holman",12307,"GC","NM","1",7,2,5,12,0,1,0,14,0,3,1,4,2,2,0,9,3,1,1,3,0,0,81
"Jesse Joyce",12449,"GC","NM","1",5,1,3,8,0,0,0,3,0,0,0,2,0,1,0,5,3,0,0,8,0,0,90
"Kade Kolodjashnij",12256,"GC","NM","1",14,6,3,17,0,0,0,1,4,2,1,5,0,0,0,5,9,0,1,5,0,0,84
"Tom Lynch",11948,"GC","NM","1",12,4,4,16,0,1,0,7,0,3,0,9,3,6,0,10,5,2,1,6,0,0,96
"Jarryd Lyons",12067,"GC","NM","1",18,2,4,22,1,0,0,2,0,4,7,5,1,0,0,13,4,0,1,0,0,0,55
"Darcy Macpherson",12438,"GC","NM","1",15,3,3,18,1,1,0,9,1,2,2,4,0,1,0,7,9,0,0,3,0,0,84
"Jack Martin",12236,"GC","NM","1",14,4,7,21,0,0,0,8,0,3,4,7,1,2,0,6,14,0,0,0,0,2,81
"Steven May",11940,"GC","NM","1",14,6,1,15,0,0,0,2,3,1,0,3,1,1,0,8,4,2,0,3,0,0,88
"Touk Miller",12331,"GC","NM","1",12,1,9,21,0,1,0,6,4,3,11,4,3,3,2,17,7,0,1,9,0,0,62
"Michael Rischitelli",4047,"GC","NM","1",14,5,3,17,0,0,0,3,5,3,0,7,0,4,0,6,11,1,1,3,0,0,90
"Matt Rosa",4133,"GC","NM","1",15,2,11,26,0,0,0,2,1,2,4,2,3,0,0,19,5,0,0,1,0,0,83
"Alex Sexton",12080,"GC","NM","1",14,1,4,18,1,3,0,2,0,6,1,5,0,0,0,8,8,0,1,1,0,0,84
"David Swallow",11919,"GC","NM","1",22,4,10,32,0,0,0,3,0,7,1,5,1,0,0,14,17,0,0,1,0,1,80
"Rory Thompson",11992,"GC","NM","1",3,0,1,4,0,0,0,2,3,1,0,0,0,0,0,4,1,0,0,15,0,0,88
"Lachie Weller",12385,"GC","NM","1",11,0,8,19,0,1,0,3,3,0,1,6,0,0,0,10,6,0,0,1,0,0,55
"Jarrod Witts",12177,"GC","NM","1",21,4,4,25,0,1,34,5,2,5,7,4,2,0,0,15,8,1,0,5,0,0,65
"Aaron Young",12068,"GC","NM","1",16,3,11,27,1,1,0,9,0,5,1,5,1,3,0,13,12,0,1,2,0,1,80
"Luke Breust",11954,"HW","CW","1",6,2,11,17,4,0,0,4,0,1,0,5,2,4,0,8,9,0,1,1,0,1,85
"Shaun Burgoyne",1126,"HW","CW","1",13,5,1,14,2,1,0,2,1,4,3,2,1,1,0,6,10,0,2,5,0,1,84
"Ryan Burton",12477,"HW","CW","1",3,0,5,8,0,0,0,0,0,1,0,2,0,0,0,3,7,0,0,2,0,0,39
"Taylor Duryea",12163,"HW","CW","1",10,5,7,17,0,1,0,3,1,1,0,2,0,0,0,5,12,0,0,1,0,0,84
"James Frawley",11575,"HW","CW","1",13,5,2,15,0,0,0,0,8,2,0,2,1,1,0,6,8,0,0,12,0,0,91
"Jack Gunston",11845,"HW","CW","1",17,7,5,22,2,1,0,0,1,6,0,3,2,2,0,8,13,0,1,5,0,2,91
"Blake Hardwick",12469,"HW","CW","1",11,4,4,15,0,0,0,7,3,2,0,1,1,0,0,4,11,0,0,5,0,0,85
"Ricky Henderson",11832,"HW","CW","1",13,4,8,21,2,0,0,3,2,4,2,4,1,1,0,5,15,0,0,2,2,0,77
"Daniel Howe",12360,"HW","CW","1",13,7,7,20,0,0,0,7,2,1,3,3,0,1,0,8,12,1,0,1,0,1,80
"Jarman Impey",12237,"HW","CW","1",7,2,11,18,0,1,0,4,0,4,1,3,0,0,0,6,12,0,0,0,2,0,76
"Ben McEvoy",11682,"HW","CW","1",3,1,9,12,0,0,21,3,2,1,3,2,1,0,0,9,3,0,0,6,0,0,74
"Tom Mitchell",12196,"HW","CW","1",20,8,34,54,0,0,0,2,2,8,9,6,2,2,3,27,28,0,1,0,2,1,92
"Tim OBrien",12242,"HW","CW","1",11,2,4,15,0,0,0,2,5,1,1,5,2,3,0,6,8,0,0,10,0,0,87
"Jaeger OMeara",12141,"HW","CW","1",14,4,13,27,0,1,0,5,3,3,6,8,1,3,2,14,14,0,0,1,0,0,77
"Paul Puopolo",11942,"HW","CW","1",5,2,10,15,0,0,0,7,0,4,0,4,2,1,0,7,9,0,0,0,0,1,91
"Cyril Rioli",11632,"HW","CW","1",10,2,4,14,1,1,0,0,0,5,0,5,0,2,0,6,7,0,2,2,0,1,67
"Jarryd Roughead",4078,"HW","CW","1",4,4,6,10,1,1,3,1,0,1,0,1,0,1,0,5,6,1,2,4,0,0,87
"Ryan Schoenmakers",11720,"HW","CW","1",6,2,5,11,1,0,5,2,1,3,1,1,0,0,0,4,5,0,0,4,0,0,84
"Liam Shiels",11760,"HW","CW","1",12,3,3,15,1,0,0,5,0,2,2,5,0,2,0,7,8,1,0,4,0,0,76
"James Sicily",12332,"HW","CW","1",17,7,9,26,0,0,0,2,4,2,0,5,3,3,1,11,11,3,0,9,0,0,91
"Isaac Smith",11941,"HW","CW","1",12,7,12,24,1,1,0,3,3,4,2,2,0,1,0,7,17,0,2,1,2,0,85
"Ben Stratton",11824,"HW","CW","1",5,3,7,12,0,0,0,2,3,0,0,4,1,2,0,4,8,0,0,9,0,0,97
"Taylor Adams",12066,"CW","HW","1",9,2,11,20,0,0,0,4,0,3,5,6,3,1,0,15,6,0,0,0,0,0,85
"James Aish",12250,"CW","HW","1",8,1,9,17,1,0,0,0,1,2,2,1,3,0,0,7,10,0,0,0,0,2,80
"Mason Cox",12428,"CW","HW","1",4,0,2,6,0,0,18,1,0,1,2,2,2,0,0,4,3,0,0,6,0,0,75
"Jack Crisp",12061,"CW","HW","1",10,3,7,17,0,0,0,4,5,2,1,5,1,2,0,13,6,2,0,2,0,0,87
"Ben Crocker",12436,"CW","HW","1",6,2,3,9,2,3,0,3,0,2,0,4,1,3,0,6,3,0,2,4,0,0,70
"Lynden Dunn",4166,"CW","HW","1",9,3,3,12,0,0,0,4,4,0,0,0,1,0,0,4,6,0,0,3,0,0,93
"Brodie Grundy",12217,"CW","HW","1",7,4,5,12,0,0,28,3,0,3,1,1,1,0,0,7,7,1,0,5,0,0,83
"Will Hoskin-Elliott",12026,"CW","HW","1",12,4,4,16,1,0,0,1,2,3,0,0,1,0,0,7,9,0,0,2,0,0,86
"Jeremy Howe",11967,"CW","HW","1",9,2,3,12,1,0,0,3,4,2,0,2,2,1,0,4,9,0,0,5,0,0,92
"Tom Langdon",12233,"CW","HW","1",4,4,10,14,0,0,0,2,2,0,0,3,1,2,0,8,7,2,0,4,0,0,86
"Brayden Maynard",12371,"CW","HW","1",16,6,3,19,0,1,0,2,4,4,2,5,0,3,0,5,14,1,0,2,0,0,83
"Darcy Moore",12372,"CW","HW","1",11,8,4,15,1,0,0,3,5,2,0,3,3,0,0,6,7,2,1,6,0,0,89
"Sam Murray",12586,"CW","HW","1",12,4,7,19,0,0,0,3,2,4,1,5,2,0,0,8,14,1,0,1,2,0,69
"Scott Pendlebury",4182,"CW","HW","1",12,2,14,26,0,1,0,9,2,3,8,4,4,1,0,13,13,0,0,2,0,0,79
"Tom Phillips",12452,"CW","HW","1",10,3,10,20,0,0,0,2,1,3,2,3,0,0,0,6,12,0,0,0,1,0,85
"Ben Reid",11589,"CW","HW","1",8,6,3,11,1,0,0,3,0,1,0,1,2,0,0,5,6,1,1,1,0,0,84
"Steele Sidebottom",11751,"CW","HW","1",15,5,16,31,1,0,0,4,0,8,6,6,0,2,0,10,20,0,0,3,0,0,88
"Josh Smith",12427,"CW","HW","1",7,3,7,14,0,1,0,3,0,2,0,3,1,2,0,4,11,0,0,2,0,1,83
"Jaidyn Stephenson",12587,"CW","HW","1",10,4,6,16,0,0,0,3,2,4,1,3,1,2,0,5,12,0,0,1,0,1,74
"Josh Thomas",12144,"CW","HW","1",10,3,7,17,1,1,0,4,0,4,5,3,1,0,0,11,5,0,2,0,0,1,79
"Adam Treloar",12054,"CW","HW","1",14,1,19,33,0,1,0,6,3,4,4,3,0,1,0,13,18,0,0,1,1,0,81
"Travis Varcoe",11549,"CW","HW","1",2,0,5,7,0,0,0,4,0,1,0,1,0,0,0,4,2,0,0,3,0,0,68
"Jeremy Cameron",12017,"GW","WB","1",18,9,0,18,6,3,0,0,0,5,0,4,3,4,3,8,9,2,6,0,1,1,85
"Stephen Coniglio",12028,"GW","WB","1",21,8,11,32,2,0,0,7,1,10,5,5,0,1,2,12,19,0,0,0,2,0,87
"Aidan Corr",12181,"GW","WB","1",5,2,3,8,0,0,0,3,2,1,0,0,1,0,0,3,5,0,0,5,0,0,78
"Phil Davis",11825,"GW","WB","1",10,6,4,14,0,0,0,1,7,0,1,5,1,2,0,5,8,1,0,10,0,0,90
"Matt de Boer",11746,"GW","WB","1",11,7,12,23,0,0,0,0,2,4,3,2,0,2,0,6,18,0,1,0,0,1,85
"Brett Deledio",4068,"GW","WB","1",5,4,13,18,0,0,0,1,1,2,1,2,1,0,0,5,13,0,0,0,0,0,66
"Jeremy Finlayson",12553,"GW","WB","1",12,4,8,20,0,0,0,1,6,0,0,3,0,1,0,1,16,0,0,2,1,0,68
"Toby Greene",12025,"GW","WB","1",13,10,12,25,4,0,0,0,0,5,0,2,1,0,1,4,19,0,5,0,1,4,75
"Nick Haynes",12091,"GW","WB","1",14,5,7,21,0,0,0,0,4,0,0,2,0,0,0,5,16,1,0,3,0,0,88
"Harry Himmelberg",12462,"GW","WB","1",8,5,3,11,1,0,0,0,2,3,0,1,0,0,0,3,8,0,1,2,0,1,83
"Josh Kelly",12255,"GW","WB","1",12,6,17,29,2,0,0,5,4,4,1,4,1,2,0,5,23,0,1,1,0,1,89
"Zac Langdon",12599,"GW","WB","1",4,3,3,7,1,0,0,6,0,0,0,3,1,1,0,3,5,1,2,2,0,0,72
"Daniel Lloyd",12532,"GW","WB","1",9,4,4,13,0,1,0,7,1,4,0,1,0,0,0,4,8,0,0,1,0,0,69
"Rory Lobb",12282,"GW","WB","1",4,2,6,10,0,0,41,2,1,1,0,2,1,2,0,6,5,1,0,5,0,1,81
"Jonathon Patton",12096,"GW","WB","1",11,4,3,14,2,2,2,2,0,1,3,3,2,1,0,7,8,0,4,2,0,1,85
"Sam Reid",11705,"GW","WB","1",5,1,9,14,0,0,0,6,1,2,0,2,0,0,0,6,8,0,0,2,0,1,82
"Heath Shaw",4132,"GW","WB","1",13,7,9,22,0,0,0,5,2,1,0,0,0,0,0,6,15,0,0,3,3,0,87
"Dylan Shiel",12022,"GW","WB","1",10,4,18,28,1,0,0,5,0,3,6,2,0,0,0,14,14,0,0,0,3,3,77
"Tim Taranto",12504,"GW","WB","1",18,6,14,32,0,0,0,5,1,10,8,6,1,3,0,12,21,2,0,0,0,1,87
"Adam Tomlinson",12027,"GW","WB","1",10,8,10,20,1,1,0,2,0,4,1,1,0,0,0,5,15,0,1,2,0,0,95
"Callan Ward",11677,"GW","WB","1",13,5,11,24,0,2,0,2,1,6,7,3,2,1,0,10,13,0,1,0,2,0,85
"Lachie Whitfield",12143,"GW","WB","1",20,9,14,34,0,0,0,2,3,3,2,7,0,3,0,11,21,0,0,1,1,1,85
"Shane Biggs",12228,"WB","GW","1",13,6,2,15,0,0,0,1,6,2,0,1,0,0,0,0,15,0,0,1,0,0,86
"Marcus Bontempelli",12269,"WB","GW","1",9,1,9,18,0,1,0,5,2,5,4,3,2,1,0,7,11,0,0,1,0,0,86
"Zaine Cordy",12392,"WB","GW","1",8,3,6,14,0,0,0,3,5,0,1,3,2,1,0,8,6,0,0,5,0,0,96
"Hayden Crozier",12088,"WB","GW","1",6,2,2,8,0,0,0,3,1,1,1,4,0,2,0,4,3,1,0,1,0,0,73
"Luke Dahlhaus",11974,"WB","GW","1",10,4,19,29,0,1,0,4,1,3,8,3,1,0,0,12,18,0,0,2,0,0,85
"Bailey Dale",12354,"WB","GW","1",13,6,7,20,1,1,0,1,1,0,1,2,1,0,0,3,15,1,2,1,0,0,85
"Josh Dunkley",12408,"WB","GW","1",9,3,7,16,1,0,0,8,1,2,2,0,0,0,0,5,12,0,1,3,0,0,81
"Tim English",12537,"WB","GW","1",8,6,5,13,0,0,12,3,0,4,2,0,2,0,0,5,8,3,1,6,0,0,89
"Billy Gowers",12593,"WB","GW","1",5,3,5,10,1,0,0,3,0,1,1,5,1,0,0,9,1,2,2,0,0,0,83
"Mitch Honeychurch",12293,"WB","GW","1",10,1,5,15,1,0,0,4,1,3,0,4,2,2,0,4,9,0,1,0,0,1,84
"Lachie Hunter",12203,"WB","GW","1",14,6,18,32,0,1,0,3,2,2,4,4,2,1,0,10,21,0,1,0,2,0,93
"Jason Johannisen",12122,"WB","GW","1",10,3,9,19,0,1,0,0,1,3,1,3,0,0,0,5,14,0,1,1,0,1,80
"Tom Liberatore",11898,"WB","GW","1",2,0,1,3,0,0,0,0,1,0,1,0,1,0,0,1,2,0,0,0,0,0,11
"Jack Macrae",12166,"WB","GW","1",16,5,15,31,0,1,0,6,4,9,5,3,0,3,0,12,18,1,1,1,0,0,84
"Toby McLean",12363,"WB","GW","1",8,1,12,20,0,0,0,4,1,2,8,2,1,0,0,11,8,0,0,2,1,2,84
"Aaron Naughton",12594,"WB","GW","1",9,2,2,11,0,0,0,1,0,3,0,5,3,1,0,3,6,0,0,3,0,0,87
"Fletcher Roberts",12126,"WB","GW","1",12,4,2,14,0,0,0,1,7,0,0,5,1,2,0,2,7,0,0,6,0,0,94
"Jordan Roughead",11833,"WB","GW","1",8,3,4,12,2,1,20,1,1,2,2,2,1,1,0,4,8,0,1,1,0,1,82
"Matt Suckling",11718,"WB","GW","1",13,4,11,24,1,0,0,0,4,4,1,3,1,0,0,6,16,0,0,2,1,0,83
"Jackson Trengove",11812,"WB","GW","1",0,0,4,4,0,0,14,3,1,0,0,1,0,1,0,3,1,0,0,2,0,0,84
"Bailey Williams",12441,"WB","GW","1",8,2,4,12,0,1,0,3,2,3,1,2,2,0,0,5,6,0,0,1,0,0,79
"Easton Wood",11788,"WB","GW","1",5,3,2,7,0,0,0,0,1,2,1,2,0,0,0,2,4,0,0,0,0,0,88
"Bayley Fritsch",12598,"ME","GE","1",7,6,4,11,1,1,0,5,0,3,0,3,0,0,0,4,8,1,2,2,2,0,87
"Jeff Garlett",11711,"ME","GE","1",5,2,3,8,1,2,0,2,0,0,0,1,1,0,0,7,1,1,2,0,0,1,84
"Max Gawn",11966,"ME","GE","1",8,4,12,20,1,2,47,5,0,3,4,2,3,0,0,12,8,3,1,2,0,0,84
"Mitch Hannan",12492,"ME","GE","1",6,2,3,9,1,1,0,1,0,2,0,2,0,1,0,5,5,0,1,0,0,0,72
"James Harmes",12379,"ME","GE","1",13,3,5,18,0,2,0,4,1,7,6,1,4,1,0,9,11,0,0,1,2,1,66
"Michael Hibberd",11938,"ME","GE","1",12,2,8,20,0,0,0,0,4,3,0,4,1,1,0,3,18,0,0,6,3,0,81
"Jesse Hogan",12321,"ME","GE","1",8,3,8,16,3,0,0,1,0,6,0,4,0,1,0,6,11,0,1,0,0,0,89
"Jayden Hunt",4729,"ME","GE","1",11,4,7,18,0,1,0,3,2,7,2,2,1,1,0,9,11,1,0,2,0,1,86
"Neville Jetta",11723,"ME","GE","1",5,2,6,11,0,0,0,5,0,0,0,3,1,2,0,4,7,0,0,4,1,0,85
"Nathan Jones",2447,"ME","GE","1",10,1,19,29,0,0,0,3,0,6,3,2,0,0,0,7,21,0,0,0,0,0,76
"Jake Lever",12351,"ME","GE","1",8,3,2,10,0,0,0,2,5,1,0,1,1,0,0,2,7,0,0,5,1,0,94
"Jordan Lewis",4077,"ME","GE","1",6,4,18,24,0,0,0,3,1,3,4,3,1,1,0,10,14,0,0,1,0,0,91
"Corey Maynard",12572,"ME","GE","1",5,0,10,15,0,0,0,7,0,4,5,4,2,1,0,5,9,0,0,1,0,0,75
"Oscar McDonald",12394,"ME","GE","1",8,1,4,12,0,0,0,0,2,1,0,2,0,1,0,3,7,0,0,2,0,0,100
"Jake Melksham",11820,"ME","GE","1",9,3,6,15,0,1,0,0,0,4,1,3,0,1,0,8,7,0,0,1,0,1,67
"Alex Neal-Bullen",12367,"ME","GE","1",11,1,2,13,2,0,0,2,0,1,3,5,2,3,0,5,8,0,0,0,0,0,75
"Clayton Oliver",12410,"ME","GE","1",9,3,19,28,1,0,0,10,0,3,6,4,0,2,0,14,13,0,1,4,0,1,85
"Cameron Pedersen",11903,"ME","GE","1",6,1,7,13,2,1,4,4,1,1,0,2,1,0,0,5,6,1,1,3,0,0,89
"Christian Petracca",12430,"ME","GE","1",14,3,10,24,1,3,0,4,1,5,7,3,2,0,1,13,11,0,1,3,0,1,88
"Christian Salem",12272,"ME","GE","1",5,0,7,12,0,0,0,4,0,2,3,2,1,1,0,10,2,0,0,1,0,0,73
"Bernie Vince",4151,"ME","GE","1",13,2,4,17,0,0,0,3,2,2,0,2,2,0,0,4,12,0,0,4,0,0,70
"Josh Wagner",12424,"ME","GE","1",6,2,9,15,0,0,0,4,1,0,0,3,3,0,0,10,7,0,0,3,0,0,84
"Gary Ablett",1105,"GE","ME","1",22,5,17,39,1,1,0,1,1,7,2,8,0,3,3,10,29,0,0,2,1,1,93
"Jed Bews",12278,"GE","ME","1",6,4,4,10,0,0,0,1,1,0,1,0,0,0,0,3,7,1,0,6,0,0,85
"Mark Blicavs",12153,"GE","ME","1",2,1,7,9,0,0,1,4,1,1,1,1,1,1,0,4,6,0,0,4,0,0,94
"Mitch Duncan",11798,"GE","ME","1",15,10,11,26,0,0,0,4,3,1,2,3,0,1,0,7,19,0,0,1,0,0,86
"Lachie Fogarty",12596,"GE","ME","1",8,4,12,20,1,0,0,2,0,0,1,1,1,1,0,10,10,1,0,1,0,1,79
"Cory Gregson",12320,"GE","ME","1",5,2,6,11,0,0,0,3,2,1,0,3,0,1,0,3,9,0,0,0,0,1,84
"Cameron Guthrie",11884,"GE","ME","1",11,3,9,20,1,0,0,0,3,0,1,2,0,2,0,5,13,0,0,3,0,0,88
"Zach Guthrie",12551,"GE","ME","1",14,6,8,22,0,0,0,2,2,2,0,1,0,0,0,6,15,0,0,3,1,1,82
"Tom Hawkins",11548,"GE","ME","1",8,6,6,14,0,1,1,1,0,0,1,4,2,1,0,7,6,2,1,2,0,0,93
"Tim Kelly",12595,"GE","ME","1",10,3,17,27,1,0,0,2,0,6,4,2,0,2,0,13,16,1,0,3,1,1,91
"Jake Kolodjashnij",12370,"GE","ME","1",10,5,10,20,0,1,0,1,4,2,0,2,0,0,0,8,11,2,0,6,0,0,85
"Sam Menegola",12464,"GE","ME","1",8,4,10,18,0,0,0,6,4,1,5,5,1,4,0,8,12,0,0,2,0,0,80
"Daniel Menzel",11873,"GE","ME","1",11,6,4,15,4,2,0,0,0,3,0,2,0,0,0,9,6,4,5,1,0,1,82
"Jordan Murdoch",12099,"GE","ME","1",13,5,11,24,1,1,0,5,6,2,1,6,3,0,0,7,17,0,0,1,0,0,84
"Brandan Parfitt",12506,"GE","ME","1",13,3,9,22,2,2,0,4,2,5,2,0,5,0,0,10,12,0,1,1,0,0,87
"James Parsons",12513,"GE","ME","1",8,8,9,17,1,1,0,2,2,2,2,1,0,1,0,5,13,0,2,0,0,2,85
"Esava Ratugolea",12597,"GE","ME","1",5,5,3,8,1,1,5,0,0,1,1,4,0,3,0,2,7,0,2,0,0,0,68
"Joel Selwood",11538,"GE","ME","1",17,4,22,39,0,2,0,5,1,3,8,5,2,3,2,13,27,0,0,2,0,1,80
"Zac Smith",11909,"GE","ME","1",3,3,8,11,1,0,23,2,1,1,4,4,1,3,0,7,5,0,1,1,0,1,70
"Tom Stewart",12505,"GE","ME","1",11,7,6,17,0,0,0,0,6,1,0,0,0,0,0,5,10,2,0,6,0,0,86
"Harry Taylor",11643,"GE","ME","1",2,2,2,4,0,0,0,0,0,0,0,0,0,0,0,2,2,0,0,1,0,0,20
"Zach Tuohy",11973,"GE","ME","1",18,7,7,25,0,0,0,0,6,2,0,5,1,0,0,5,16,0,0,2,1,0,97
"Harry Cunningham",12015,"SY","WC","1",4,2,6,10,0,0,0,6,0,1,1,1,1,0,0,7,4,1,0,0,0,1,74
"Oliver Florent",12497,"SY","WC","1",2,0,4,6,0,0,0,2,0,2,0,0,2,0,0,2,4,0,0,0,0,1,67
"Robbie Fox",12510,"SY","WC","1",6,0,4,10,0,0,0,2,2,1,1,2,1,0,0,6,4,0,0,4,0,1,81
"Lance Franklin",4065,"SY","WC","1",17,9,4,21,8,1,0,4,0,6,0,2,3,1,3,9,11,3,5,4,0,1,89
"Heath Grundy",1401,"SY","WC","1",4,1,3,7,0,0,0,0,4,0,0,3,0,2,0,2,5,0,0,6,0,0,76
"Will Hayward",12509,"SY","WC","1",11,5,10,21,2,1,0,0,1,3,0,6,1,1,0,6,12,0,1,2,0,0,75
"Isaac Heeney",12326,"SY","WC","1",13,4,13,26,1,1,0,4,2,4,4,4,1,1,0,7,19,0,1,4,0,1,85
"George Hewett",12411,"SY","WC","1",9,6,10,19,1,1,0,2,0,4,1,1,2,0,0,11,10,2,1,2,0,1,75
"Kieren Jack",11546,"SY","WC","1",14,4,5,19,1,0,0,2,1,7,2,2,0,2,0,5,17,0,1,0,0,2,66
"Zak Jones",12288,"SY","WC","1",10,3,10,20,1,0,0,2,1,6,5,4,1,2,0,11,13,1,0,1,0,0,87
"Josh Kennedy",11672,"SY","WC","1",10,3,14,24,1,1,0,3,1,3,9,3,0,2,0,12,9,0,0,0,0,0,83
"Jake Lloyd",12268,"SY","WC","1",19,8,10,29,1,0,0,2,8,1,1,0,0,0,1,5,24,0,0,2,0,0,94
"Jarrad McVeigh",3950,"SY","WC","1",7,1,7,14,0,0,0,1,3,0,1,0,0,0,0,2,11,0,0,1,0,0,80
"Lewis Melican",12526,"SY","WC","1",7,2,7,14,0,0,0,2,2,1,0,2,0,0,0,6,5,0,0,6,0,1,89
"Callum Mills",12413,"SY","WC","1",13,5,7,20,0,0,0,5,5,0,1,1,4,0,0,9,11,0,0,4,0,0,94
"Nic Newman",12508,"SY","WC","1",10,4,9,19,0,0,0,2,3,3,1,6,2,1,0,8,11,0,0,1,0,0,75
"Tom Papley",12412,"SY","WC","1",8,5,9,17,0,1,0,3,1,2,2,3,2,3,0,8,9,0,0,2,3,0,79
"Luke Parker",11953,"SY","WC","1",17,3,15,32,1,0,0,9,2,3,7,6,1,2,2,18,11,1,0,4,0,2,85
"Dane Rampe",12140,"SY","WC","1",9,6,4,13,0,0,0,2,4,0,0,3,1,1,0,2,11,0,0,7,0,0,87
"Callum Sinclair",12158,"SY","WC","1",13,3,8,21,0,0,16,1,2,3,8,0,3,0,0,13,9,0,0,3,0,1,82
"Nick Smith",11653,"SY","WC","1",10,7,9,19,0,0,0,3,3,0,0,2,2,2,0,7,12,0,0,0,0,0,99
"Dean Towers",12297,"SY","WC","1",6,1,6,12,1,1,1,5,1,2,3,1,1,1,0,5,8,0,0,0,0,1,78
"Tom Barrass",12383,"WC","SY","1",15,8,5,20,0,0,0,1,5,0,0,3,0,2,0,7,12,2,0,10,0,0,85
"Jamie Cripps",11937,"WC","SY","1",11,1,5,16,0,0,0,1,1,5,2,1,0,0,0,6,10,0,0,1,0,2,79
"Jack Darling",11905,"WC","SY","1",7,5,5,12,3,0,1,4,0,5,0,0,0,0,0,5,7,2,2,1,0,0,95
"Liam Duggan",12334,"WC","SY","1",8,1,2,10,1,0,0,2,2,4,0,1,0,0,0,3,6,0,0,0,0,0,78
"Andrew Gaff",11904,"WC","SY","1",15,5,9,24,0,0,0,4,2,3,1,1,2,0,0,6,17,1,0,1,0,1,89
"Shannon Hurn",4162,"WC","SY","1",20,10,3,23,1,1,0,3,5,4,0,2,0,2,0,4,16,1,1,0,0,0,87
"Lewis Jetta",11804,"WC","SY","1",13,4,3,16,0,0,0,1,4,4,0,8,0,1,0,1,13,0,0,2,1,0,87
"Mark LeCras",4114,"WC","SY","1",13,4,3,16,3,2,0,9,0,1,2,4,2,1,0,5,9,0,2,0,0,0,90
"Scott Lycett",11994,"WC","SY","1",6,2,4,10,0,0,32,1,2,1,3,7,2,5,0,7,4,0,0,1,0,0,71
"Chris Masten",11638,"WC","SY","1",10,4,5,15,1,0,0,0,0,6,0,4,0,3,0,5,9,0,0,0,0,1,88
"Jeremy McGovern",12273,"WC","SY","1",11,9,7,18,0,0,0,2,2,1,0,3,2,0,0,7,12,2,0,2,0,0,81
"Nic Naitanui",11768,"WC","SY","1",9,3,3,12,1,1,33,3,1,1,4,1,2,1,0,8,4,2,1,6,0,1,54
"Jackson Nelson",12328,"WC","SY","1",4,0,1,5,0,1,0,2,1,2,1,4,2,3,0,5,2,0,0,1,0,0,86
"Jack Redden",11780,"WC","SY","1",7,3,11,18,0,0,0,6,0,2,5,4,1,2,0,10,8,0,0,0,0,0,86
"Liam Ryan",12600,"WC","SY","1",9,3,3,12,1,1,0,1,0,2,1,3,1,1,0,6,4,1,1,0,1,1,70
"Will Schofield",11605,"WC","SY","1",5,4,3,8,0,0,0,1,0,1,0,1,1,1,0,1,6,0,0,4,0,0,90
"Dom Sheed",12253,"WC","SY","1",15,2,8,23,0,0,0,1,0,6,6,3,0,2,0,13,9,0,0,1,0,0,80
"Brad Sheppard",11843,"WC","SY","1",6,4,9,15,0,0,0,5,1,0,0,2,1,0,0,8,8,0,1,3,0,1,85
"Luke Shuey",11805,"WC","SY","1",16,4,9,25,0,1,0,6,0,7,7,1,2,1,0,9,15,0,0,1,1,0,88
"Daniel Venables",12602,"WC","SY","1",4,1,3,7,0,0,0,4,0,2,1,3,2,2,0,6,4,0,0,0,0,0,61
"Jake Waterman",12601,"WC","SY","1",4,2,4,8,1,0,0,3,0,1,1,0,0,0,0,4,4,0,1,1,0,0,80
"Elliot Yeo",12087,"WC","SY","1",18,5,8,26,1,0,0,4,6,2,4,4,0,1,0,12,13,0,0,1,0,0,91
